age,job,marital,education,default,housing,loan,contact,month,day_of_week,duration,campaign,pdays,previous,poutcome,emp.var.rate,cons.price.idx,cons.conf.idx,euribor3m,nr.employed,y,probability
32,blue-collar,married,basic.9y,unknown,yes,yes,cellular,may,mon,114,1,999,0,nonexistent,-1.8,92.893,-46.2,1.244,5099.1,no,0.97
33,blue-collar,single,basic.6y,unknown,yes,yes,cellular,jul,fri,103,2,999,0,nonexistent,1.4,93.918,-42.7,4.963,5228.1,no,0.97
25,self-employed,divorced,university.degree,no,yes,no,cellular,apr,mon,227,5,999,0,nonexistent,-1.8,93.075,-47.1,1.405,5099.1,yes,0.97
34,blue-collar,single,high.school,no,yes,no,cellular,may,fri,56,1,999,0,nonexistent,-1.8,92.893,-46.2,1.313,5099.1,no,0.96
53,technician,married,professional.course,no,yes,no,cellular,nov,fri,11,7,999,0,nonexistent,-0.1,93.2,-42.0,4.021,5195.8,no,0.94
46,services,married,basic.9y,no,no,yes,cellular,may,wed,227,2,999,0,nonexistent,-1.8,92.893,-46.2,1.334,5099.1,no,0.93
33,technician,single,professional.course,no,yes,no,cellular,may,fri,70,1,999,0,nonexistent,-1.8,92.893,-46.2,1.313,5099.1,no,0.93
46,technician,married,high.school,no,yes,no,cellular,nov,mon,171,1,999,1,failure,-0.1,93.2,-42.0,4.191,5195.8,no,0.91
42,technician,married,professional.course,unknown,no,no,telephone,may,wed,295,1,999,0,nonexistent,1.1,93.994,-36.4,4.859,5191.0,no,0.91
30,services,single,high.school,no,yes,no,cellular,may,fri,159,1,999,0,nonexistent,-1.8,92.893,-46.2,1.25,5099.1,no,0.91
59,blue-collar,married,basic.4y,unknown,no,no,telephone,may,mon,24,1,999,0,nonexistent,1.1,93.994,-36.4,4.857,5191.0,no,0.88
40,blue-collar,single,basic.9y,unknown,yes,no,cellular,jul,mon,824,5,999,0,nonexistent,1.4,93.918,-42.7,4.96,5228.1,no,0.88
32,blue-collar,married,basic.6y,no,no,no,telephone,jul,mon,176,6,999,0,nonexistent,1.4,93.918,-42.7,4.96,5228.1,no,0.87
58,blue-collar,married,basic.9y,unknown,yes,no,cellular,nov,thu,308,1,6,1,success,-0.1,93.2,-42.0,4.076,5195.8,no,0.8479750370952256
49,admin.,married,university.degree,no,yes,no,cellular,aug,tue,62,2,999,0,nonexistent,1.4,93.444,-36.1,4.965,5228.1,no,0.8434688702505135
44,self-employed,married,professional.course,no,unknown,unknown,cellular,aug,fri,179,3,999,0,nonexistent,1.4,93.444,-36.1,4.966,5228.1,no,0.84
40,technician,single,university.degree,no,yes,no,cellular,aug,tue,173,1,999,0,nonexistent,1.4,93.444,-36.1,4.963,5228.1,no,0.83
55,housemaid,divorced,university.degree,no,yes,no,telephone,jun,thu,221,1,999,0,nonexistent,1.4,94.465,-41.8,4.866,5228.1,no,0.82
41,admin.,married,university.degree,unknown,yes,no,cellular,may,fri,114,2,999,0,nonexistent,-1.8,92.893,-46.2,1.313,5099.1,no,0.81
38,self-employed,single,university.degree,no,no,no,telephone,may,thu,459,2,999,0,nonexistent,1.1,93.994,-36.4,4.855,5191.0,no,0.8
49,admin.,divorced,high.school,no,yes,no,telephone,may,fri,137,1,999,0,nonexistent,1.1,93.994,-36.4,4.855,5191.0,no,0.8
31,management,married,university.degree,no,no,no,telephone,jun,fri,614,2,999,0,nonexistent,-2.9,92.963,-40.8,1.268,5076.2,no,0.8
54,management,married,university.degree,no,yes,no,telephone,may,thu,127,4,999,0,nonexistent,1.1,93.994,-36.4,4.86,5191.0,no,0.79
32,technician,married,high.school,no,no,no,cellular,may,fri,428,3,999,0,nonexistent,-1.8,92.893,-46.2,1.313,5099.1,no,0.79
29,self-employed,single,university.degree,no,yes,no,cellular,sep,tue,445,2,999,0,nonexistent,-3.4,92.379,-29.8,0.788,5017.5,yes,0.7776674100664783
34,self-employed,single,university.degree,no,yes,no,telephone,may,wed,148,2,999,0,nonexistent,1.1,93.994,-36.4,4.859,5191.0,no,0.77
37,entrepreneur,divorced,high.school,no,yes,yes,cellular,nov,wed,258,2,999,1,failure,-3.4,92.649,-30.1,0.719,5017.5,no,0.76
30,self-employed,single,university.degree,no,yes,no,cellular,aug,tue,176,2,999,0,nonexistent,1.4,93.444,-36.1,4.963,5228.1,no,0.76
26,admin.,single,basic.9y,unknown,yes,yes,cellular,may,thu,161,2,999,0,nonexistent,-1.8,92.893,-46.2,1.327,5099.1,no,0.76
53,blue-collar,married,basic.4y,no,yes,no,cellular,nov,fri,180,1,999,0,nonexistent,-0.1,93.2,-42.0,4.021,5195.8,no,0.7294031079551302
30,admin.,married,university.degree,no,yes,yes,cellular,nov,wed,89,1,999,0,nonexistent,-0.1,93.2,-42.0,4.12,5195.8,no,0.72
57,blue-collar,married,basic.4y,unknown,yes,no,telephone,jul,fri,182,1,999,0,nonexistent,1.4,93.918,-42.7,4.962,5228.1,no,0.71
54,housemaid,married,professional.course,no,no,no,cellular,jul,tue,604,2,999,0,nonexistent,1.4,93.918,-42.7,4.961,5228.1,no,0.7088734582888221
36,technician,divorced,professional.course,no,yes,no,cellular,aug,wed,76,1,999,0,nonexistent,1.4,93.444,-36.1,4.964,5228.1,no,0.7
30,blue-collar,single,basic.9y,no,no,no,cellular,may,mon,74,1,999,0,nonexistent,-1.8,92.893,-46.2,1.244,5099.1,no,0.69
39,services,married,basic.9y,no,yes,no,telephone,jul,mon,543,2,999,0,nonexistent,1.4,93.918,-42.7,4.96,5228.1,no,0.69
26,services,divorced,basic.6y,no,no,no,telephone,may,thu,186,1,999,0,nonexistent,1.1,93.994,-36.4,4.855,5191.0,no,0.69
56,technician,married,professional.course,unknown,yes,no,cellular,nov,fri,266,6,999,0,nonexistent,-0.1,93.2,-42.0,4.021,5195.8,no,0.67
27,admin.,single,high.school,no,yes,no,cellular,jul,tue,212,2,999,0,nonexistent,1.4,93.918,-42.7,4.962,5228.1,no,0.67
52,management,married,university.degree,no,yes,no,cellular,aug,tue,439,1,999,0,nonexistent,1.4,93.444,-36.1,4.966,5228.1,no,0.66
60,retired,married,basic.4y,no,no,no,cellular,oct,mon,82,1,999,0,nonexistent,-3.4,92.431,-26.9,0.739,5017.5,no,0.66
48,blue-collar,married,basic.9y,no,no,no,cellular,may,tue,309,1,10,1,success,-1.8,92.893,-46.2,1.291,5099.1,yes,0.6527130896408547
29,self-employed,married,university.degree,no,no,no,cellular,mar,wed,74,1,999,0,nonexistent,-1.8,92.843,-50.0,1.663,5099.1,no,0.65
55,retired,married,high.school,no,yes,yes,cellular,jun,fri,186,2,999,0,nonexistent,-2.9,92.963,-40.8,1.268,5076.2,yes,0.65
30,self-employed,married,professional.course,unknown,yes,no,cellular,nov,tue,273,2,999,0,nonexistent,-0.1,93.2,-42.0,4.153,5195.8,no,0.6488734582888219
47,management,divorced,university.degree,no,yes,no,telephone,jun,fri,99,2,999,0,nonexistent,1.4,94.465,-41.8,4.959,5228.1,no,0.64
58,retired,married,professional.course,unknown,yes,no,cellular,jul,fri,165,2,999,0,nonexistent,1.4,93.918,-42.7,4.959,5228.1,no,0.6388734582888219
43,management,married,professional.course,no,no,no,telephone,may,wed,764,3,999,0,nonexistent,1.1,93.994,-36.4,4.856,5191.0,no,0.6172281067778431
28,technician,single,professional.course,no,yes,yes,cellular,may,wed,196,1,999,0,nonexistent,-1.8,92.893,-46.2,1.334,5099.1,no,0.61
42,management,married,university.degree,no,no,no,telephone,jun,wed,50,2,999,0,nonexistent,1.4,94.465,-41.8,4.962,5228.1,no,0.61
54,technician,single,basic.9y,no,no,no,telephone,jun,mon,186,3,999,0,nonexistent,1.4,94.465,-41.8,4.961,5228.1,no,0.6
41,blue-collar,divorced,basic.6y,no,unknown,unknown,telephone,may,fri,234,2,999,0,nonexistent,1.1,93.994,-36.4,4.859,5191.0,no,0.5985177967692975
29,management,single,university.degree,no,yes,no,telephone,nov,wed,103,1,999,0,nonexistent,-0.1,93.2,-42.0,4.12,5195.8,no,0.59
37,blue-collar,married,basic.4y,no,no,no,telephone,may,thu,219,2,999,0,nonexistent,1.1,93.994,-36.4,4.855,5191.0,no,0.59
46,technician,married,university.degree,unknown,no,yes,telephone,jun,thu,993,6,999,0,nonexistent,1.4,94.465,-41.8,4.958,5228.1,yes,0.5896400807830369
51,services,married,high.school,no,yes,no,cellular,nov,mon,354,3,6,3,success,-1.1,94.767,-50.8,1.05,4963.6,no,0.58
53,admin.,married,university.degree,unknown,no,yes,cellular,jul,wed,122,3,999,0,nonexistent,1.4,93.918,-42.7,4.963,5228.1,no,0.58
53,blue-collar,married,basic.6y,no,no,no,cellular,jun,thu,592,3,999,1,failure,-2.9,92.963,-40.8,1.26,5076.2,yes,0.57
35,technician,single,high.school,no,yes,no,cellular,jul,wed,294,1,999,0,nonexistent,1.4,93.918,-42.7,4.962,5228.1,no,0.57
54,admin.,married,high.school,no,no,no,telephone,may,wed,66,2,999,0,nonexistent,1.1,93.994,-36.4,4.858,5191.0,no,0.568405424751217
44,admin.,married,university.degree,no,yes,no,cellular,jul,tue,228,2,999,0,nonexistent,1.4,93.918,-42.7,4.962,5228.1,no,0.557736796639155
49,blue-collar,divorced,basic.6y,unknown,no,no,cellular,jul,mon,1065,3,999,0,nonexistent,1.4,93.918,-42.7,4.962,5228.1,yes,0.5254615719769551
25,self-employed,single,university.degree,no,no,no,telephone,may,wed,217,5,999,0,nonexistent,1.1,93.994,-36.4,4.857,5191.0,no,0.48381637331069294
35,technician,married,unknown,no,yes,no,cellular,jul,thu,502,2,999,0,nonexistent,1.4,93.918,-42.7,4.963,5228.1,no,0.47572228564010255
48,unemployed,divorced,basic.4y,no,no,yes,telephone,jun,mon,119,2,999,0,nonexistent,1.4,94.465,-41.8,4.96,5228.1,no,0.31
34,admin.,single,university.degree,unknown,no,no,cellular,aug,mon,1126,3,999,0,nonexistent,1.4,93.444,-36.1,4.963,5228.1,no,0.29
29,management,single,university.degree,no,yes,no,telephone,may,fri,174,1,999,0,nonexistent,1.1,93.994,-36.4,4.855,5191.0,no,0.28
43,technician,married,professional.course,no,yes,no,telephone,may,wed,274,4,999,0,nonexistent,1.1,93.994,-36.4,4.856,5191.0,no,0.28
29,technician,single,professional.course,no,no,yes,cellular,jul,tue,178,2,15,2,failure,-1.7,94.215,-40.3,0.876,4991.6,yes,0.268873458288822
51,entrepreneur,single,unknown,no,yes,no,telephone,may,mon,97,3,999,0,nonexistent,1.1,93.994,-36.4,4.857,5191.0,no,0.26
41,admin.,married,basic.9y,unknown,no,no,telephone,jul,fri,259,2,999,0,nonexistent,1.4,93.918,-42.7,4.962,5228.1,no,0.25
31,admin.,single,university.degree,no,yes,no,cellular,apr,mon,10,3,999,0,nonexistent,-1.8,93.075,-47.1,1.405,5099.1,no,0.23
54,housemaid,married,high.school,no,no,no,cellular,apr,thu,381,1,999,0,nonexistent,-1.8,93.075,-47.1,1.365,5099.1,yes,0.22359251382673043
58,blue-collar,married,basic.4y,no,yes,no,cellular,aug,wed,771,1,3,1,success,-1.7,94.027,-38.3,0.9,4991.6,yes,0.22
56,technician,married,unknown,unknown,yes,no,cellular,jul,fri,177,1,999,0,nonexistent,1.4,93.918,-42.7,4.962,5228.1,no,0.21
37,blue-collar,single,basic.6y,unknown,no,no,telephone,jul,mon,37,1,999,0,nonexistent,1.4,93.918,-42.7,4.96,5228.1,no,0.19887345828882197
35,blue-collar,married,unknown,no,no,no,cellular,may,thu,446,1,999,1,failure,-1.8,92.893,-46.2,1.327,5099.1,no,0.19724181659665532
41,blue-collar,married,basic.9y,unknown,no,no,telephone,jun,fri,8,31,999,0,nonexistent,1.4,94.465,-41.8,4.959,5228.1,no,0.19
54,management,divorced,university.degree,no,yes,yes,telephone,may,wed,39,1,999,1,failure,-1.8,92.893,-46.2,1.334,5099.1,no,0.19
50,blue-collar,married,basic.6y,no,yes,no,cellular,sep,wed,92,3,999,1,failure,-3.4,92.379,-29.8,0.768,5017.5,no,0.19
37,management,single,university.degree,no,no,no,cellular,oct,thu,570,1,999,1,failure,-3.4,92.431,-26.9,0.74,5017.5,yes,0.19
35,technician,single,professional.course,no,yes,no,cellular,aug,thu,636,1,999,0,nonexistent,1.4,93.444,-36.1,4.964,5228.1,no,0.18329723530918618
39,technician,married,high.school,no,no,no,cellular,jul,thu,28,1,999,0,nonexistent,1.4,93.918,-42.7,4.968,5228.1,no,0.18
41,admin.,married,basic.9y,no,yes,no,cellular,nov,wed,135,1,999,0,nonexistent,-0.1,93.2,-42.0,4.12,5195.8,no,0.18
32,admin.,married,university.degree,no,no,yes,cellular,aug,tue,301,3,999,0,nonexistent,1.4,93.444,-36.1,4.965,5228.1,no,0.18
32,blue-collar,married,basic.4y,unknown,yes,no,cellular,jul,thu,334,3,999,0,nonexistent,1.4,93.918,-42.7,4.958,5228.1,no,0.17
29,self-employed,married,professional.course,no,no,no,telephone,jun,wed,26,1,999,0,nonexistent,1.4,94.465,-41.8,4.962,5228.1,no,0.1616513577470093
40,blue-collar,married,basic.9y,unknown,yes,no,cellular,apr,thu,324,1,999,1,failure,-1.8,93.075,-47.1,1.41,5099.1,no,0.16
45,blue-collar,single,basic.6y,no,no,no,telephone,jun,thu,138,2,999,0,nonexistent,1.4,94.465,-41.8,4.958,5228.1,no,0.16
35,admin.,married,university.degree,no,no,no,cellular,apr,tue,72,1,999,0,nonexistent,-1.8,93.075,-47.1,1.423,5099.1,no,0.15
33,blue-collar,married,high.school,unknown,no,yes,cellular,may,fri,296,5,999,1,failure,-1.8,92.893,-46.2,1.313,5099.1,no,0.15
34,services,married,professional.course,no,yes,yes,cellular,may,mon,275,3,999,0,nonexistent,-1.8,92.893,-46.2,1.354,5099.1,no,0.14
47,housemaid,married,basic.4y,no,yes,yes,telephone,jun,mon,106,2,999,0,nonexistent,1.4,94.465,-41.8,4.865,5228.1,no,0.1268484953840476
49,housemaid,married,professional.course,no,no,no,telephone,may,thu,565,1,999,0,nonexistent,1.1,93.994,-36.4,4.86,5191.0,no,0.12318520042722352
43,unemployed,married,university.degree,unknown,no,no,telephone,may,thu,456,1,999,0,nonexistent,1.1,93.994,-36.4,4.86,5191.0,no,0.12
54,services,married,high.school,unknown,no,yes,cellular,jul,thu,338,1,999,0,nonexistent,1.4,93.918,-42.7,4.962,5228.1,no,0.11866624882863835
54,services,married,high.school,no,yes,no,cellular,aug,tue,136,5,999,0,nonexistent,1.4,93.444,-36.1,4.966,5228.1,no,0.11399851991682178
38,blue-collar,divorced,high.school,no,yes,yes,cellular,nov,wed,291,1,999,0,nonexistent,-0.1,93.2,-42.0,4.12,5195.8,no,0.11
38,blue-collar,married,basic.9y,unknown,no,no,cellular,nov,wed,145,3,999,0,nonexistent,-0.1,93.2,-42.0,4.12,5195.8,no,0.11
24,admin.,single,university.degree,no,yes,no,telephone,apr,mon,86,1,999,0,nonexistent,-1.8,93.075,-47.1,1.466,5099.1,no,0.11
29,student,single,professional.course,no,yes,no,telephone,nov,thu,124,2,999,0,nonexistent,-3.4,92.649,-30.1,0.714,5017.5,no,0.11
59,entrepreneur,married,unknown,no,no,no,telephone,jun,tue,242,2,999,0,nonexistent,1.4,94.465,-41.8,4.864,5228.1,no,0.11
45,technician,married,professional.course,unknown,yes,no,cellular,aug,fri,94,1,999,0,nonexistent,1.4,93.444,-36.1,4.964,5228.1,no,0.11
50,management,married,university.degree,no,yes,no,cellular,jul,thu,367,1,999,0,nonexistent,-1.7,94.215,-40.3,0.846,4991.6,yes,0.1
26,blue-collar,single,high.school,no,yes,no,telephone,may,fri,326,1,999,0,nonexistent,1.1,93.994,-36.4,4.859,5191.0,no,0.1
33,blue-collar,single,basic.9y,no,yes,no,telephone,jul,thu,465,7,999,0,nonexistent,1.4,93.918,-42.7,4.963,5228.1,no,0.1
32,technician,married,professional.course,no,yes,no,cellular,oct,wed,275,2,999,0,nonexistent,-1.1,94.601,-49.5,0.959,4963.6,yes,0.09959399390990864
36,technician,single,professional.course,no,no,no,cellular,dec,mon,371,1,999,0,nonexistent,-3.0,92.713,-33.0,0.717,5023.5,no,0.09
24,technician,single,basic.6y,no,no,no,cellular,jul,thu,75,3,999,0,nonexistent,1.4,93.918,-42.7,4.958,5228.1,no,0.09
37,blue-collar,single,basic.6y,no,yes,yes,cellular,jul,mon,305,1,999,0,nonexistent,1.4,93.918,-42.7,4.96,5228.1,no,0.09
25,technician,single,university.degree,no,yes,no,telephone,may,thu,19,8,999,0,nonexistent,1.1,93.994,-36.4,4.86,5191.0,no,0.09
32,admin.,married,high.school,no,no,no,telephone,jul,mon,65,1,999,0,nonexistent,1.4,93.918,-42.7,4.96,5228.1,no,0.09
38,technician,divorced,high.school,no,yes,yes,cellular,apr,thu,279,3,999,1,failure,-1.8,93.075,-47.1,1.41,5099.1,no,0.09
28,technician,single,professional.course,no,no,yes,cellular,aug,wed,162,1,3,1,success,-2.9,92.201,-31.4,0.879,5076.2,no,0.08
32,services,single,high.school,no,no,no,cellular,may,wed,151,2,999,1,failure,-1.8,92.893,-46.2,1.281,5099.1,no,0.08
26,student,single,high.school,no,no,no,cellular,may,mon,472,2,999,0,nonexistent,-1.8,92.893,-46.2,1.299,5099.1,no,0.08
34,admin.,married,university.degree,no,no,yes,cellular,sep,wed,245,3,999,0,nonexistent,-1.1,94.199,-37.5,0.886,4963.6,yes,0.08
48,admin.,divorced,high.school,no,yes,no,telephone,may,thu,139,2,999,0,nonexistent,1.1,93.994,-36.4,4.86,5191.0,no,0.08
46,services,married,high.school,no,yes,yes,cellular,apr,thu,354,1,999,0,nonexistent,-1.8,93.075,-47.1,1.365,5099.1,yes,0.08
34,blue-collar,married,basic.9y,no,no,no,cellular,may,fri,322,1,999,1,failure,-1.8,92.893,-46.2,1.313,5099.1,no,0.08
53,blue-collar,married,basic.4y,no,no,no,telephone,jun,thu,627,1,999,0,nonexistent,1.4,94.465,-41.8,4.866,5228.1,no,0.07959399390990865
81,housemaid,divorced,basic.4y,no,yes,no,cellular,nov,mon,151,6,999,0,nonexistent,-3.4,92.649,-30.1,0.719,5017.5,no,0.07887345828882199
37,admin.,married,high.school,no,no,no,cellular,jun,wed,671,3,999,0,nonexistent,-1.7,94.055,-39.8,0.739,4991.6,yes,0.07618436096061618
32,admin.,divorced,university.degree,no,no,no,cellular,aug,tue,128,6,999,0,nonexistent,1.4,93.444,-36.1,4.963,5228.1,no,0.07611527488547729
31,technician,single,professional.course,no,no,no,cellular,may,tue,200,2,999,0,nonexistent,-1.8,92.893,-46.2,1.291,5099.1,no,0.07
24,student,single,basic.9y,no,no,no,cellular,may,wed,133,1,999,0,nonexistent,-1.8,92.893,-46.2,1.334,5099.1,no,0.07
29,technician,single,professional.course,no,yes,no,cellular,may,mon,487,1,999,0,nonexistent,-1.8,92.893,-46.2,1.244,5099.1,yes,0.07
35,services,married,unknown,unknown,yes,yes,cellular,jul,tue,174,9,999,0,nonexistent,1.4,93.918,-42.7,4.961,5228.1,no,0.07
37,services,married,high.school,no,no,no,telephone,jun,fri,152,3,999,0,nonexistent,1.4,94.465,-41.8,4.959,5228.1,no,0.07
31,admin.,single,university.degree,no,yes,yes,cellular,sep,tue,194,1,999,0,nonexistent,-1.1,94.199,-37.5,0.877,4963.6,yes,0.07
35,admin.,single,basic.9y,no,yes,no,telephone,may,tue,38,6,999,0,nonexistent,-1.8,92.893,-46.2,1.291,5099.1,no,0.07
49,management,married,university.degree,no,yes,no,cellular,nov,fri,846,1,3,1,success,-0.1,93.2,-42.0,4.021,5195.8,no,0.07
50,management,married,university.degree,no,yes,yes,cellular,apr,mon,228,3,999,1,failure,-1.8,93.075,-47.1,1.405,5099.1,no,0.07
52,blue-collar,divorced,basic.4y,no,yes,no,cellular,apr,thu,291,1,999,1,failure,-1.8,93.075,-47.1,1.41,5099.1,no,0.06684849538404761
54,technician,married,university.degree,unknown,no,no,telephone,jun,fri,399,1,999,0,nonexistent,1.4,94.465,-41.8,4.967,5228.1,no,0.06
32,housemaid,single,basic.9y,no,yes,no,cellular,may,mon,279,1,999,1,failure,-1.8,92.893,-46.2,1.299,5099.1,no,0.06
44,blue-collar,married,unknown,unknown,yes,no,cellular,jul,tue,299,4,999,0,nonexistent,1.4,93.918,-42.7,4.961,5228.1,no,0.06
40,blue-collar,married,basic.6y,no,yes,no,cellular,nov,wed,1057,1,999,0,nonexistent,-0.1,93.2,-42.0,4.12,5195.8,yes,0.06
37,technician,married,professional.course,no,yes,yes,cellular,aug,wed,733,5,999,0,nonexistent,1.4,93.444,-36.1,4.965,5228.1,no,0.06
67,self-employed,married,university.degree,no,yes,no,cellular,nov,tue,68,4,999,1,failure,-3.4,92.649,-30.1,0.72,5017.5,no,0.06
43,admin.,married,high.school,no,yes,no,telephone,jul,mon,132,10,999,0,nonexistent,1.4,93.918,-42.7,4.96,5228.1,no,0.06
34,admin.,married,university.degree,no,yes,yes,cellular,aug,tue,80,3,999,0,nonexistent,1.4,93.444,-36.1,4.963,5228.1,no,0.06
43,management,married,professional.course,no,no,no,telephone,may,thu,734,5,999,0,nonexistent,1.1,93.994,-36.4,4.86,5191.0,no,0.058873458288821984
35,blue-collar,married,professional.course,no,yes,no,cellular,nov,tue,114,2,999,0,nonexistent,-0.1,93.2,-42.0,4.153,5195.8,no,0.05827656624395217
75,retired,married,basic.4y,no,no,no,cellular,apr,tue,356,2,999,1,failure,-1.8,93.075,-47.1,1.405,5099.1,yes,0.057975037095225626
39,services,divorced,high.school,no,yes,no,telephone,may,tue,90,1,999,0,nonexistent,1.1,93.994,-36.4,4.856,5191.0,no,0.05534708426556076
29,admin.,single,basic.9y,unknown,no,no,cellular,may,thu,460,2,999,0,nonexistent,-1.8,92.893,-46.2,1.266,5099.1,yes,0.05
47,technician,married,professional.course,no,no,no,telephone,jul,fri,320,2,999,0,nonexistent,-2.9,92.469,-33.6,1.059,5076.2,no,0.05
28,blue-collar,married,basic.6y,unknown,no,no,telephone,jun,fri,419,2,999,0,nonexistent,1.4,94.465,-41.8,4.967,5228.1,no,0.05
39,blue-collar,divorced,basic.9y,unknown,yes,no,cellular,may,wed,304,1,999,0,nonexistent,-1.8,92.893,-46.2,1.334,5099.1,no,0.05
51,housemaid,married,basic.4y,unknown,no,yes,cellular,aug,thu,126,1,999,0,nonexistent,1.4,93.444,-36.1,4.968,5228.1,no,0.05
33,services,married,high.school,no,no,no,telephone,may,wed,147,1,999,0,nonexistent,1.1,93.994,-36.4,4.857,5191.0,no,0.05
33,technician,married,university.degree,no,yes,no,cellular,mar,tue,56,2,999,0,nonexistent,-1.8,92.843,-50.0,1.687,5099.1,no,0.05
34,management,married,university.degree,no,yes,no,telephone,may,thu,118,1,999,0,nonexistent,1.1,93.994,-36.4,4.86,5191.0,no,0.05
39,admin.,married,university.degree,no,no,no,telephone,jun,thu,93,1,999,0,nonexistent,1.4,94.465,-41.8,4.958,5228.1,no,0.05
31,blue-collar,single,basic.6y,unknown,no,no,cellular,may,mon,133,3,999,0,nonexistent,-1.8,92.893,-46.2,1.299,5099.1,no,0.05
49,self-employed,single,basic.9y,no,yes,yes,telephone,may,fri,827,5,999,0,nonexistent,1.1,93.994,-36.4,4.864,5191.0,no,0.05
38,blue-collar,single,high.school,no,yes,no,cellular,sep,wed,263,1,6,3,success,-1.1,94.199,-37.5,0.879,4963.6,yes,0.05
23,student,single,basic.9y,no,no,yes,cellular,may,fri,563,1,999,0,nonexistent,-1.8,92.893,-46.2,1.259,5099.1,no,0.05
35,admin.,married,basic.9y,no,no,yes,telephone,jun,mon,271,3,999,0,nonexistent,1.4,94.465,-41.8,4.961,5228.1,no,0.05
34,technician,single,university.degree,no,no,no,cellular,mar,mon,138,8,999,0,nonexistent,-1.8,92.843,-50.0,1.52,5099.1,no,0.05
35,technician,divorced,professional.course,unknown,yes,yes,cellular,aug,fri,161,3,999,0,nonexistent,1.4,93.444,-36.1,4.963,5228.1,no,0.05
24,admin.,single,high.school,no,yes,yes,telephone,jul,tue,162,1,999,0,nonexistent,1.4,93.918,-42.7,4.961,5228.1,no,0.049403107955130185
35,admin.,married,university.degree,no,no,no,cellular,aug,mon,347,1,999,0,nonexistent,1.4,93.444,-36.1,4.965,5228.1,no,0.04692354322952186
36,admin.,married,high.school,no,no,no,telephone,may,tue,342,2,999,0,nonexistent,1.1,93.994,-36.4,4.857,5191.0,no,0.04611527488547729
29,technician,married,professional.course,no,no,no,cellular,may,fri,538,2,999,2,failure,-1.8,93.876,-40.0,0.699,5008.7,yes,0.04
33,blue-collar,married,basic.9y,unknown,yes,no,telephone,may,mon,125,3,999,0,nonexistent,1.1,93.994,-36.4,4.857,5191.0,no,0.04
31,blue-collar,single,basic.9y,no,yes,no,cellular,may,thu,42,1,999,0,nonexistent,-1.8,92.893,-46.2,1.266,5099.1,no,0.04
39,admin.,divorced,high.school,no,yes,yes,cellular,jul,tue,180,9,999,0,nonexistent,1.4,93.918,-42.7,4.961,5228.1,no,0.04
31,services,single,university.degree,unknown,yes,no,cellular,aug,wed,55,3,999,0,nonexistent,1.4,93.444,-36.1,4.965,5228.1,no,0.04
32,blue-collar,married,basic.9y,no,yes,no,cellular,nov,mon,160,1,999,0,nonexistent,-0.1,93.2,-42.0,4.191,5195.8,no,0.04
35,blue-collar,married,professional.course,no,no,no,cellular,apr,fri,317,2,999,1,failure,-1.8,93.075,-47.1,1.405,5099.1,no,0.04
42,housemaid,married,high.school,no,yes,no,cellular,aug,tue,176,1,999,0,nonexistent,1.4,93.444,-36.1,4.965,5228.1,no,0.04
41,housemaid,married,basic.4y,no,yes,no,telephone,aug,fri,116,1,999,0,nonexistent,1.4,93.444,-36.1,4.963,5228.1,no,0.04
45,entrepreneur,married,basic.9y,unknown,no,no,telephone,jun,fri,326,1,999,0,nonexistent,1.4,94.465,-41.8,4.959,5228.1,no,0.04
45,blue-collar,married,basic.9y,unknown,no,no,telephone,jun,thu,232,1,999,0,nonexistent,1.4,94.465,-41.8,4.866,5228.1,no,0.04
52,retired,married,basic.4y,no,no,no,telephone,jun,wed,633,1,999,0,nonexistent,1.4,94.465,-41.8,4.864,5228.1,yes,0.04
49,blue-collar,married,basic.9y,no,no,no,cellular,may,thu,324,2,999,1,failure,-1.8,92.893,-46.2,1.327,5099.1,no,0.04
45,blue-collar,married,basic.9y,no,yes,no,telephone,jul,tue,80,1,999,0,nonexistent,1.4,93.918,-42.7,4.955,5228.1,no,0.04
26,student,single,university.degree,no,no,no,telephone,dec,mon,796,1,999,0,nonexistent,-3.0,92.713,-33.0,0.709,5023.5,no,0.04
43,technician,single,professional.course,no,no,no,telephone,jul,wed,44,2,999,0,nonexistent,1.4,93.918,-42.7,4.956,5228.1,no,0.04
41,blue-collar,married,unknown,unknown,no,no,telephone,may,mon,55,1,999,0,nonexistent,1.1,93.994,-36.4,4.857,5191.0,no,0.04
64,admin.,married,university.degree,no,no,yes,cellular,dec,thu,1804,3,999,0,nonexistent,-3.0,92.713,-33.0,0.72,5023.5,no,0.04
36,technician,married,professional.course,no,no,no,cellular,aug,fri,94,1,999,0,nonexistent,1.4,93.444,-36.1,4.966,5228.1,no,0.04
36,services,divorced,high.school,no,no,yes,telephone,may,wed,992,5,999,0,nonexistent,-1.8,92.893,-46.2,1.281,5099.1,no,0.04
34,admin.,married,professional.course,no,yes,no,telephone,may,tue,248,2,999,0,nonexistent,1.1,93.994,-36.4,4.856,5191.0,no,0.03940310795513018
33,technician,single,professional.course,no,yes,yes,cellular,jul,mon,554,1,999,0,nonexistent,1.4,93.918,-42.7,4.96,5228.1,no,0.03887345828882199
60,retired,married,basic.6y,unknown,no,no,cellular,jul,fri,95,1,999,0,nonexistent,1.4,93.918,-42.7,4.962,5228.1,no,0.03887345828882199
43,blue-collar,married,basic.9y,no,no,yes,cellular,nov,tue,84,1,999,0,nonexistent,-0.1,93.2,-42.0,4.153,5195.8,no,0.03797503709522562
30,blue-collar,married,basic.6y,no,yes,no,cellular,may,mon,77,1,999,1,failure,-1.8,92.893,-46.2,1.299,5099.1,no,0.035950074190451244
55,services,married,high.school,unknown,no,no,cellular,aug,mon,123,1,999,0,nonexistent,1.4,93.444,-36.1,4.965,5228.1,no,0.03
41,self-employed,married,basic.4y,unknown,no,no,cellular,jul,wed,133,1,999,0,nonexistent,1.4,93.918,-42.7,4.962,5228.1,no,0.03
24,self-employed,single,university.degree,no,no,no,cellular,may,thu,334,2,999,0,nonexistent,-1.8,92.893,-46.2,1.266,5099.1,no,0.03
33,technician,married,professional.course,no,yes,no,cellular,may,wed,199,7,999,1,failure,-1.8,92.893,-46.2,1.334,5099.1,no,0.03
28,technician,single,professional.course,no,yes,no,telephone,mar,tue,58,2,999,0,nonexistent,-1.8,92.843,-50.0,1.556,5099.1,no,0.03
50,admin.,married,basic.9y,unknown,yes,no,cellular,aug,thu,122,3,999,0,nonexistent,1.4,93.444,-36.1,4.963,5228.1,no,0.03
33,blue-collar,single,basic.4y,no,no,no,telephone,may,thu,119,2,999,0,nonexistent,1.1,93.994,-36.4,4.86,5191.0,no,0.03
49,blue-collar,married,basic.4y,unknown,yes,no,telephone,may,thu,143,1,999,0,nonexistent,1.1,93.994,-36.4,4.855,5191.0,no,0.03
34,technician,married,professional.course,no,yes,no,cellular,nov,tue,336,4,999,0,nonexistent,-3.4,92.649,-30.1,0.715,5017.5,yes,0.03
20,student,single,high.school,no,yes,yes,cellular,jun,wed,74,2,999,1,failure,-2.9,92.963,-40.8,1.26,5076.2,no,0.03
63,technician,married,unknown,no,yes,no,cellular,aug,tue,279,1,999,1,failure,-2.9,92.201,-31.4,0.838,5076.2,no,0.03
34,technician,single,university.degree,no,yes,no,cellular,aug,tue,436,2,999,0,nonexistent,1.4,93.444,-36.1,4.966,5228.1,no,0.03
50,entrepreneur,married,unknown,no,no,no,telephone,jun,fri,42,2,999,0,nonexistent,1.4,94.465,-41.8,4.967,5228.1,no,0.03
40,management,married,university.degree,no,no,no,cellular,aug,mon,162,1,999,1,failure,-2.9,92.201,-31.4,0.884,5076.2,no,0.03
34,admin.,married,university.degree,no,yes,yes,telephone,may,mon,147,6,999,0,nonexistent,1.1,93.994,-36.4,4.857,5191.0,no,0.03
33,admin.,married,university.degree,no,yes,no,telephone,jun,wed,355,1,999,0,nonexistent,1.4,94.465,-41.8,4.864,5228.1,no,0.03
23,blue-collar,single,high.school,no,no,no,cellular,may,mon,380,2,999,1,failure,-1.8,92.893,-46.2,1.244,5099.1,no,0.03
30,management,single,university.degree,no,no,yes,cellular,may,tue,496,1,999,1,failure,-1.8,92.893,-46.2,1.344,5099.1,no,0.03
56,admin.,married,university.degree,unknown,yes,no,cellular,aug,thu,95,1,999,0,nonexistent,1.4,93.444,-36.1,4.962,5228.1,no,0.03
49,blue-collar,divorced,basic.4y,unknown,yes,no,cellular,jul,tue,246,1,999,0,nonexistent,1.4,93.918,-42.7,4.961,5228.1,no,0.03
40,technician,single,professional.course,no,yes,yes,cellular,apr,mon,538,1,999,0,nonexistent,-1.8,93.075,-47.1,1.405,5099.1,no,0.03
39,housemaid,married,basic.4y,no,yes,no,cellular,jul,mon,223,1,999,0,nonexistent,1.4,93.918,-42.7,4.96,5228.1,no,0.03
36,blue-collar,married,basic.6y,unknown,no,no,telephone,may,fri,378,2,999,0,nonexistent,1.1,93.994,-36.4,4.857,5191.0,no,0.03
41,technician,married,basic.9y,no,no,no,telephone,may,mon,180,2,999,0,nonexistent,1.1,93.994,-36.4,4.857,5191.0,no,0.03
59,technician,divorced,professional.course,no,yes,no,cellular,aug,fri,492,5,999,0,nonexistent,1.4,93.444,-36.1,4.964,5228.1,no,0.03
32,entrepreneur,single,university.degree,no,yes,no,telephone,may,tue,242,2,999,0,nonexistent,1.1,93.994,-36.4,4.857,5191.0,no,0.03
43,retired,married,basic.9y,unknown,no,no,telephone,jun,tue,455,1,999,0,nonexistent,1.4,94.465,-41.8,4.864,5228.1,no,0.03
40,blue-collar,divorced,basic.9y,no,yes,no,telephone,may,thu,57,1,999,0,nonexistent,-1.8,93.876,-40.0,0.699,5008.7,no,0.03
48,admin.,married,high.school,no,no,yes,cellular,aug,mon,429,6,999,0,nonexistent,1.4,93.444,-36.1,4.965,5228.1,no,0.03
49,management,married,basic.9y,no,unknown,unknown,cellular,nov,tue,336,1,999,0,nonexistent,-0.1,93.2,-42.0,4.153,5195.8,no,0.03
39,blue-collar,single,basic.4y,unknown,no,no,telephone,may,wed,565,2,999,0,nonexistent,1.1,93.994,-36.4,4.857,5191.0,no,0.03
58,admin.,divorced,university.degree,no,yes,no,telephone,may,wed,244,1,999,0,nonexistent,1.1,93.994,-36.4,4.858,5191.0,no,0.03
31,technician,single,professional.course,no,yes,yes,cellular,may,mon,187,1,999,1,failure,-1.8,92.893,-46.2,1.299,5099.1,no,0.029593993909908647
36,blue-collar,married,professional.course,unknown,yes,no,telephone,jun,fri,324,5,999,0,nonexistent,1.4,94.465,-41.8,4.959,5228.1,no,0.029219669705021697
51,housemaid,married,basic.9y,no,yes,no,cellular,jul,tue,160,2,999,0,nonexistent,1.4,93.918,-42.7,4.961,5228.1,no,0.02887345828882199
41,services,married,high.school,no,yes,no,telephone,may,wed,55,1,999,0,nonexistent,1.1,93.994,-36.4,4.857,5191.0,no,0.02
58,retired,married,basic.4y,unknown,no,no,cellular,jul,wed,119,2,999,0,nonexistent,1.4,93.918,-42.7,4.963,5228.1,no,0.02
31,admin.,single,high.school,no,yes,no,cellular,jul,wed,167,1,999,1,failure,-2.9,92.469,-33.6,1.029,5076.2,yes,0.02
32,technician,single,high.school,no,no,no,cellular,jul,mon,147,1,999,0,nonexistent,1.4,93.918,-42.7,4.96,5228.1,no,0.02
23,management,single,university.degree,no,yes,no,cellular,apr,tue,56,2,999,0,nonexistent,-1.8,93.075,-47.1,1.384,5099.1,no,0.02
39,blue-collar,married,basic.9y,unknown,no,no,telephone,jun,fri,250,3,999,0,nonexistent,1.4,94.465,-41.8,4.967,5228.1,no,0.02
30,blue-collar,married,basic.9y,no,no,no,cellular,may,tue,52,3,999,0,nonexistent,-1.8,92.893,-46.2,1.291,5099.1,no,0.02
60,retired,divorced,basic.4y,no,yes,no,cellular,jul,tue,600,1,999,0,nonexistent,1.4,93.918,-42.7,4.961,5228.1,yes,0.02
40,technician,divorced,professional.course,no,no,no,cellular,aug,tue,279,4,999,0,nonexistent,1.4,93.444,-36.1,4.965,5228.1,no,0.02
53,technician,married,university.degree,no,unknown,unknown,cellular,apr,thu,758,2,999,2,failure,-1.8,93.749,-34.6,0.64,5008.7,yes,0.02
27,technician,single,high.school,no,no,no,cellular,jul,wed,445,2,999,0,nonexistent,1.4,93.918,-42.7,4.962,5228.1,no,0.02
45,blue-collar,married,professional.course,no,yes,no,telephone,may,thu,414,1,6,2,success,-1.8,93.876,-40.0,0.683,5008.7,yes,0.02
36,technician,married,high.school,no,no,no,cellular,aug,mon,452,2,999,0,nonexistent,1.4,93.444,-36.1,4.965,5228.1,no,0.02
31,blue-collar,married,high.school,unknown,yes,no,telephone,may,tue,27,2,999,0,nonexistent,1.1,93.994,-36.4,4.857,5191.0,no,0.02
30,services,married,high.school,no,yes,no,telephone,may,mon,92,2,999,0,nonexistent,1.1,93.994,-36.4,4.858,5191.0,no,0.02
45,management,married,university.degree,no,no,no,cellular,sep,wed,293,2,3,2,success,-1.1,94.199,-37.5,0.886,4963.6,yes,0.02
57,retired,divorced,university.degree,no,yes,no,telephone,nov,tue,21,1,999,0,nonexistent,-0.1,93.2,-42.0,4.7,5195.8,no,0.02
56,entrepreneur,married,university.degree,no,yes,no,cellular,nov,wed,501,2,999,0,nonexistent,-0.1,93.2,-42.0,4.12,5195.8,no,0.02
36,blue-collar,married,basic.9y,no,yes,yes,cellular,nov,tue,130,1,999,0,nonexistent,-0.1,93.2,-42.0,4.153,5195.8,no,0.02
32,services,single,university.degree,no,yes,no,telephone,nov,wed,52,2,999,0,nonexistent,-0.1,93.2,-42.0,4.12,5195.8,no,0.02
34,admin.,married,high.school,no,no,no,cellular,may,tue,295,2,999,0,nonexistent,-1.8,92.893,-46.2,1.344,5099.1,no,0.02
43,blue-collar,single,basic.9y,no,yes,no,telephone,may,fri,171,4,999,0,nonexistent,1.1,93.994,-36.4,4.859,5191.0,no,0.02
20,student,single,basic.4y,no,yes,no,cellular,aug,wed,267,1,999,0,nonexistent,-2.9,92.201,-31.4,0.879,5076.2,yes,0.02
28,admin.,single,high.school,no,yes,no,cellular,may,tue,59,3,999,0,nonexistent,-1.8,92.893,-46.2,1.291,5099.1,no,0.02
48,technician,single,high.school,no,yes,no,telephone,may,fri,76,3,999,0,nonexistent,1.1,93.994,-36.4,4.859,5191.0,no,0.02
45,admin.,married,university.degree,no,no,no,cellular,jul,tue,242,5,999,0,nonexistent,1.4,93.918,-42.7,4.961,5228.1,no,0.02
57,retired,single,university.degree,no,yes,no,cellular,jul,fri,75,1,999,0,nonexistent,1.4,93.918,-42.7,4.957,5228.1,no,0.02
32,unknown,married,basic.9y,no,no,no,cellular,aug,thu,390,3,999,0,nonexistent,1.4,93.444,-36.1,4.964,5228.1,no,0.02
30,student,single,high.school,no,no,no,cellular,may,fri,226,2,3,2,success,-1.8,93.876,-40.0,0.682,5008.7,yes,0.02
40,services,single,high.school,no,no,no,cellular,apr,mon,275,1,999,0,nonexistent,-1.8,93.075,-47.1,1.466,5099.1,no,0.02
42,blue-collar,married,basic.6y,no,yes,yes,cellular,mar,tue,185,1,7,3,failure,-1.8,93.369,-34.8,0.652,5008.7,yes,0.02
45,blue-collar,married,basic.9y,unknown,no,no,telephone,may,mon,129,3,999,0,nonexistent,1.1,93.994,-36.4,4.857,5191.0,no,0.02
41,admin.,single,high.school,no,no,no,telephone,may,wed,594,2,999,0,nonexistent,1.1,93.994,-36.4,4.859,5191.0,no,0.02
51,entrepreneur,divorced,high.school,no,no,no,cellular,jul,fri,347,2,999,0,nonexistent,1.4,93.918,-42.7,4.963,5228.1,no,0.02
35,blue-collar,married,basic.9y,no,no,no,telephone,may,mon,63,5,999,0,nonexistent,1.1,93.994,-36.4,4.857,5191.0,no,0.02
33,blue-collar,married,professional.course,no,yes,no,cellular,aug,tue,253,4,999,0,nonexistent,-1.7,94.027,-38.3,0.886,4991.6,yes,0.02
30,blue-collar,single,basic.6y,unknown,yes,no,telephone,jun,wed,100,1,999,0,nonexistent,1.4,94.465,-41.8,4.959,5228.1,no,0.02
46,services,married,high.school,no,no,no,telephone,may,tue,60,3,999,0,nonexistent,1.1,93.994,-36.4,4.857,5191.0,no,0.02
53,blue-collar,married,high.school,unknown,no,yes,telephone,may,thu,109,1,999,0,nonexistent,1.1,93.994,-36.4,4.855,5191.0,no,0.02
27,unemployed,married,basic.6y,unknown,no,yes,telephone,jul,wed,399,8,999,0,nonexistent,1.4,93.918,-42.7,4.962,5228.1,no,0.02
38,services,single,high.school,unknown,no,no,telephone,may,mon,357,2,999,0,nonexistent,1.1,93.994,-36.4,4.857,5191.0,no,0.02
35,unemployed,married,professional.course,no,no,no,telephone,may,mon,67,1,999,0,nonexistent,1.1,93.994,-36.4,4.857,5191.0,no,0.02
61,technician,married,professional.course,no,no,no,cellular,oct,thu,174,2,999,0,nonexistent,-3.4,92.431,-26.9,0.722,5017.5,no,0.02
51,admin.,married,high.school,no,no,no,telephone,jun,fri,22,12,999,0,nonexistent,1.4,94.465,-41.8,4.959,5228.1,no,0.02
34,admin.,single,university.degree,no,no,yes,telephone,may,wed,110,4,999,0,nonexistent,1.1,93.994,-36.4,4.858,5191.0,no,0.02
53,admin.,divorced,university.degree,no,yes,no,cellular,jul,wed,240,2,999,0,nonexistent,1.4,93.918,-42.7,4.962,5228.1,no,0.02
38,admin.,single,university.degree,no,yes,no,cellular,aug,mon,40,2,999,0,nonexistent,1.4,93.444,-36.1,4.963,5228.1,no,0.02
39,admin.,single,high.school,no,yes,no,cellular,mar,tue,100,2,999,0,nonexistent,-1.8,92.843,-50.0,1.687,5099.1,no,0.02
29,technician,married,professional.course,no,yes,no,cellular,aug,mon,80,3,999,0,nonexistent,1.4,93.444,-36.1,4.965,5228.1,no,0.02
39,blue-collar,single,basic.9y,unknown,yes,no,cellular,may,wed,82,2,999,1,failure,-1.8,92.893,-46.2,1.334,5099.1,no,0.018873458288821986
31,admin.,single,university.degree,no,yes,no,cellular,aug,mon,317,1,999,0,nonexistent,1.4,93.444,-36.1,4.965,5228.1,no,0.018873458288821986
37,blue-collar,married,basic.4y,no,no,no,telephone,may,fri,120,17,999,0,nonexistent,1.1,93.994,-36.4,4.864,5191.0,no,0.017975037095225625
32,technician,single,university.degree,no,yes,no,cellular,aug,tue,297,1,999,0,nonexistent,1.4,93.444,-36.1,4.968,5228.1,no,0.017975037095225625
36,technician,divorced,university.degree,no,yes,no,cellular,aug,thu,197,1,999,0,nonexistent,1.4,93.444,-36.1,4.968,5228.1,no,0.016226061849227803
50,technician,married,professional.course,no,yes,no,cellular,nov,tue,1978,1,999,0,nonexistent,-0.1,93.2,-42.0,4.153,5195.8,yes,0.01611702483765147
31,blue-collar,single,basic.9y,no,no,no,telephone,may,thu,732,2,999,0,nonexistent,1.1,93.994,-36.4,4.855,5191.0,no,0.01603517589444934
32,management,single,university.degree,no,no,no,cellular,aug,thu,159,1,999,0,nonexistent,1.4,93.444,-36.1,4.962,5228.1,no,0.01
47,blue-collar,married,basic.6y,no,no,no,cellular,aug,tue,56,1,999,0,nonexistent,1.4,93.444,-36.1,4.966,5228.1,no,0.01
51,unemployed,married,basic.9y,unknown,no,no,telephone,may,fri,217,1,999,0,nonexistent,1.1,93.994,-36.4,4.857,5191.0,no,0.01
44,management,married,basic.6y,no,yes,yes,cellular,apr,wed,154,1,999,0,nonexistent,-1.8,93.075,-47.1,1.415,5099.1,no,0.01
53,blue-collar,married,basic.9y,no,no,no,cellular,nov,wed,137,1,999,0,nonexistent,-0.1,93.2,-42.0,4.12,5195.8,no,0.01
19,student,single,basic.6y,no,no,no,cellular,mar,tue,136,1,999,0,nonexistent,-1.8,92.843,-50.0,1.556,5099.1,yes,0.01
55,admin.,married,university.degree,unknown,yes,yes,telephone,may,wed,232,2,999,0,nonexistent,1.1,93.994,-36.4,4.858,5191.0,no,0.01
60,admin.,married,high.school,unknown,yes,no,cellular,jul,tue,143,1,999,0,nonexistent,1.4,93.918,-42.7,4.962,5228.1,no,0.01
34,blue-collar,married,professional.course,no,no,no,cellular,nov,tue,95,1,999,0,nonexistent,-0.1,93.2,-42.0,4.153,5195.8,no,0.01
27,admin.,single,university.degree,no,no,no,telephone,oct,tue,540,1,999,0,nonexistent,-0.1,93.798,-40.4,4.86,5195.8,yes,0.01
80,retired,married,basic.4y,no,no,no,cellular,aug,wed,207,4,999,0,nonexistent,-2.9,92.201,-31.4,0.854,5076.2,no,0.01
32,admin.,married,high.school,no,no,no,telephone,oct,tue,101,1,999,0,nonexistent,-0.1,93.798,-40.4,4.968,5195.8,yes,0.01
44,blue-collar,married,basic.4y,unknown,no,no,telephone,may,mon,49,2,999,0,nonexistent,1.1,93.994,-36.4,4.857,5191.0,no,0.01
32,admin.,married,university.degree,no,no,no,cellular,may,mon,112,1,999,0,nonexistent,-1.8,92.893,-46.2,1.264,5099.1,no,0.01
37,unemployed,married,university.degree,no,yes,no,cellular,oct,thu,249,2,999,1,failure,-3.4,92.431,-26.9,0.733,5017.5,yes,0.01
29,admin.,married,university.degree,no,no,yes,telephone,jun,fri,76,3,999,0,nonexistent,1.4,94.465,-41.8,4.959,5228.1,no,0.01
29,unemployed,single,university.degree,no,yes,no,telephone,jun,wed,201,2,999,0,nonexistent,1.4,94.465,-41.8,4.864,5228.1,no,0.01
28,blue-collar,single,basic.9y,no,yes,no,cellular,may,thu,225,1,999,1,failure,-1.8,92.893,-46.2,1.266,5099.1,no,0.01
39,admin.,married,basic.9y,no,yes,no,telephone,may,fri,150,2,999,0,nonexistent,1.1,93.994,-36.4,4.855,5191.0,no,0.01
40,self-employed,married,basic.4y,unknown,no,no,telephone,jun,fri,420,1,999,0,nonexistent,1.4,94.465,-41.8,4.967,5228.1,no,0.01
36,technician,single,unknown,no,no,no,cellular,nov,fri,86,1,999,0,nonexistent,-0.1,93.2,-42.0,4.021,5195.8,no,0.01
40,admin.,single,high.school,no,yes,no,cellular,jun,tue,154,1,999,1,failure,-2.9,92.963,-40.8,1.262,5076.2,no,0.01
27,unknown,single,university.degree,no,no,no,cellular,mar,tue,133,1,999,0,nonexistent,-1.8,93.369,-34.8,0.655,5008.7,no,0.01
33,entrepreneur,married,university.degree,no,yes,no,cellular,aug,mon,59,7,999,0,nonexistent,1.4,93.444,-36.1,4.963,5228.1,no,0.01
27,blue-collar,single,basic.4y,no,no,no,cellular,jul,thu,508,1,999,0,nonexistent,1.4,93.918,-42.7,4.968,5228.1,no,0.01
60,admin.,married,unknown,unknown,no,yes,telephone,may,mon,213,2,999,0,nonexistent,1.1,93.994,-36.4,4.857,5191.0,no,0.01
36,admin.,single,university.degree,no,yes,no,cellular,aug,tue,168,1,999,0,nonexistent,1.4,93.444,-36.1,4.963,5228.1,no,0.01
42,blue-collar,married,basic.9y,unknown,yes,no,telephone,may,tue,163,2,999,0,nonexistent,1.1,93.994,-36.4,4.856,5191.0,no,0.01
38,blue-collar,married,basic.9y,no,no,no,cellular,jul,fri,610,1,999,0,nonexistent,1.4,93.918,-42.7,4.957,5228.1,yes,0.01
42,technician,married,professional.course,unknown,yes,no,cellular,aug,tue,1059,3,999,0,nonexistent,1.4,93.444,-36.1,4.963,5228.1,no,0.01
48,technician,divorced,professional.course,no,yes,yes,cellular,nov,tue,86,1,999,0,nonexistent,-0.1,93.2,-42.0,4.153,5195.8,no,0.01
38,services,married,high.school,unknown,yes,no,cellular,may,thu,13,7,999,0,nonexistent,-1.8,92.893,-46.2,1.266,5099.1,no,0.01
32,management,single,university.degree,unknown,yes,yes,cellular,apr,fri,333,3,999,0,nonexistent,-1.8,93.075,-47.1,1.405,5099.1,no,0.01
31,technician,married,professional.course,no,no,no,telephone,may,wed,257,2,999,0,nonexistent,1.1,93.994,-36.4,4.858,5191.0,no,0.01
37,services,married,basic.6y,unknown,yes,no,cellular,may,fri,679,1,999,1,failure,-1.8,92.893,-46.2,1.25,5099.1,yes,0.01
29,admin.,single,university.degree,no,yes,no,cellular,nov,mon,183,1,999,0,nonexistent,-0.1,93.2,-42.0,4.191,5195.8,no,0.01
44,admin.,single,university.degree,no,yes,no,cellular,nov,wed,132,1,999,0,nonexistent,-0.1,93.2,-42.0,4.12,5195.8,no,0.01
39,admin.,single,university.degree,no,no,no,cellular,may,thu,189,2,999,0,nonexistent,-1.8,92.893,-46.2,1.327,5099.1,no,0.01
43,blue-collar,married,basic.9y,no,no,no,cellular,jul,fri,379,3,999,0,nonexistent,1.4,93.918,-42.7,4.957,5228.1,no,0.01
44,self-employed,married,basic.9y,no,no,yes,cellular,aug,mon,140,5,999,0,nonexistent,1.4,93.444,-36.1,4.965,5228.1,no,0.01
27,blue-collar,single,basic.6y,unknown,no,no,telephone,may,thu,444,1,999,0,nonexistent,1.1,93.994,-36.4,4.86,5191.0,no,0.01
35,blue-collar,married,basic.6y,no,no,no,telephone,jun,thu,34,31,999,0,nonexistent,1.4,94.465,-41.8,4.961,5228.1,no,0.01
43,technician,single,university.degree,no,no,yes,telephone,may,tue,1100,2,999,0,nonexistent,-1.8,92.893,-46.2,1.291,5099.1,no,0.01
29,blue-collar,married,basic.6y,no,no,yes,telephone,may,wed,168,3,999,0,nonexistent,1.1,93.994,-36.4,4.859,5191.0,no,0.01
34,management,married,university.degree,no,no,yes,cellular,aug,thu,82,2,999,0,nonexistent,1.4,93.444,-36.1,4.968,5228.1,no,0.01
36,technician,married,professional.course,no,no,no,telephone,may,wed,246,4,999,0,nonexistent,1.1,93.994,-36.4,4.859,5191.0,no,0.01
27,admin.,single,professional.course,no,yes,yes,telephone,apr,thu,117,3,999,0,nonexistent,-1.8,93.075,-47.1,1.365,5099.1,no,0.01
26,student,single,high.school,no,no,no,telephone,jun,mon,589,1,999,0,nonexistent,1.4,94.465,-41.8,4.961,5228.1,no,0.01
38,technician,married,high.school,no,yes,no,cellular,jul,tue,1037,8,999,0,nonexistent,1.4,93.918,-42.7,4.961,5228.1,yes,0.01
57,technician,married,basic.9y,no,yes,no,telephone,jun,mon,215,3,999,0,nonexistent,1.4,94.465,-41.8,4.96,5228.1,no,0.01
36,technician,married,professional.course,no,yes,no,cellular,may,thu,449,1,999,0,nonexistent,-1.8,92.893,-46.2,1.327,5099.1,no,0.01
44,admin.,married,university.degree,no,yes,no,cellular,nov,fri,358,4,999,0,nonexistent,-0.1,93.2,-42.0,4.021,5195.8,no,0.01
56,technician,married,professional.course,no,yes,no,cellular,jul,mon,163,3,999,0,nonexistent,1.4,93.918,-42.7,4.96,5228.1,no,0.01
52,management,married,university.degree,no,no,no,telephone,may,mon,185,1,999,0,nonexistent,1.1,93.994,-36.4,4.857,5191.0,no,0.01
24,admin.,single,high.school,no,yes,no,cellular,jul,mon,595,2,999,0,nonexistent,1.4,93.918,-42.7,4.96,5228.1,no,0.01
34,services,married,university.degree,no,no,no,cellular,may,thu,70,1,999,1,failure,-1.8,92.893,-46.2,1.327,5099.1,no,0.01
55,admin.,married,unknown,no,yes,no,cellular,apr,thu,110,2,999,0,nonexistent,-1.8,93.075,-47.1,1.365,5099.1,no,0.01
36,technician,married,professional.course,no,yes,no,cellular,jul,wed,167,1,999,0,nonexistent,1.4,93.918,-42.7,4.962,5228.1,no,0.01
54,admin.,married,university.degree,no,no,no,cellular,mar,mon,47,2,999,0,nonexistent,-1.8,92.843,-50.0,1.56,5099.1,no,0.01
46,blue-collar,married,basic.4y,no,yes,no,telephone,may,fri,1392,2,999,0,nonexistent,1.1,93.994,-36.4,4.857,5191.0,yes,0.01
45,management,divorced,university.degree,no,no,no,telephone,may,mon,19,2,999,0,nonexistent,1.1,93.994,-36.4,4.857,5191.0,no,0.01
30,blue-collar,married,basic.6y,no,no,no,telephone,jun,wed,201,2,999,0,nonexistent,1.4,94.465,-41.8,4.864,5228.1,no,0.01
44,technician,married,professional.course,unknown,yes,yes,cellular,may,wed,267,1,999,0,nonexistent,-1.8,92.893,-46.2,1.281,5099.1,no,0.01
35,admin.,single,university.degree,no,yes,no,cellular,nov,wed,273,2,999,0,nonexistent,-0.1,93.2,-42.0,4.12,5195.8,no,0.01
59,retired,married,basic.9y,unknown,no,no,cellular,jul,fri,1330,3,999,0,nonexistent,1.4,93.918,-42.7,4.962,5228.1,yes,0.01
44,admin.,single,university.degree,no,no,no,cellular,nov,wed,60,1,999,0,nonexistent,-0.1,93.2,-42.0,4.12,5195.8,no,0.01
51,blue-collar,married,basic.4y,unknown,no,no,cellular,jul,mon,200,2,999,0,nonexistent,1.4,93.918,-42.7,4.96,5228.1,no,0.01
36,self-employed,married,university.degree,no,yes,no,cellular,mar,fri,101,1,999,0,nonexistent,-1.8,92.843,-50.0,1.531,5099.1,no,0.01
43,blue-collar,single,basic.4y,no,yes,no,telephone,may,tue,200,2,999,1,failure,-1.8,92.893,-46.2,1.291,5099.1,no,0.01
20,student,single,high.school,no,no,yes,cellular,aug,wed,254,1,999,0,nonexistent,-2.9,92.201,-31.4,0.884,5076.2,yes,0.01
36,blue-collar,married,basic.9y,unknown,yes,no,cellular,jul,thu,194,1,999,0,nonexistent,1.4,93.918,-42.7,4.963,5228.1,no,0.01
51,services,married,unknown,no,no,no,cellular,aug,fri,547,3,999,0,nonexistent,1.4,93.444,-36.1,4.964,5228.1,no,0.01
34,management,divorced,university.degree,no,yes,yes,cellular,nov,thu,1258,2,999,0,nonexistent,-0.1,93.2,-42.0,4.076,5195.8,yes,0.01
32,admin.,single,university.degree,no,no,no,telephone,may,fri,188,2,999,0,nonexistent,1.1,93.994,-36.4,4.855,5191.0,no,0.01
53,blue-collar,married,unknown,no,yes,no,cellular,aug,wed,94,3,999,0,nonexistent,1.4,93.444,-36.1,4.964,5228.1,no,0.01
35,technician,married,university.degree,no,no,no,cellular,aug,fri,224,3,999,0,nonexistent,-2.9,92.201,-31.4,0.869,5076.2,no,0.01
34,admin.,married,high.school,no,no,no,cellular,nov,tue,105,1,999,0,nonexistent,-0.1,93.2,-42.0,4.153,5195.8,no,0.009403107955130184
31,blue-collar,single,professional.course,no,yes,no,cellular,may,thu,60,5,999,1,failure,-1.8,92.893,-46.2,1.266,5099.1,no,0.008873458288821988
51,admin.,single,university.degree,no,no,no,cellular,may,wed,187,1,999,0,nonexistent,-1.8,92.893,-46.2,1.334,5099.1,no,0.008873458288821988
34,admin.,married,high.school,unknown,yes,no,cellular,aug,fri,398,1,999,0,nonexistent,1.4,93.444,-36.1,4.963,5228.1,no,0.008873458288821988
33,technician,married,university.degree,no,yes,no,telephone,sep,wed,161,1,999,1,failure,-1.1,94.199,-37.5,0.876,4963.6,no,0.007975037095225625
29,entrepreneur,married,high.school,unknown,yes,no,telephone,jun,tue,284,3,999,0,nonexistent,1.4,94.465,-41.8,4.864,5228.1,no,0.007975037095225625
30,management,married,university.degree,no,yes,no,telephone,mar,mon,213,7,999,0,nonexistent,-1.8,92.843,-50.0,1.811,5099.1,no,0.0
44,blue-collar,married,basic.4y,no,no,no,telephone,may,wed,374,2,999,0,nonexistent,1.1,93.994,-36.4,4.856,5191.0,no,0.0
39,management,married,university.degree,no,yes,no,cellular,sep,thu,291,3,999,0,nonexistent,-1.1,94.199,-37.5,0.884,4963.6,yes,0.0
26,admin.,single,university.degree,no,yes,no,cellular,jul,tue,369,2,999,0,nonexistent,1.4,93.918,-42.7,4.961,5228.1,no,0.0
40,admin.,single,high.school,unknown,no,no,telephone,may,tue,64,2,999,0,nonexistent,1.1,93.994,-36.4,4.857,5191.0,no,0.0
42,entrepreneur,single,university.degree,no,yes,no,cellular,nov,wed,61,1,999,0,nonexistent,-0.1,93.2,-42.0,4.12,5195.8,no,0.0
25,unemployed,single,high.school,no,no,no,cellular,aug,tue,188,1,3,3,success,-1.7,94.027,-38.3,0.904,4991.6,no,0.0
32,unemployed,married,university.degree,no,yes,no,cellular,aug,tue,33,4,999,0,nonexistent,1.4,93.444,-36.1,4.968,5228.1,no,0.0
50,admin.,married,university.degree,no,unknown,unknown,cellular,may,wed,801,1,999,1,failure,-1.8,93.876,-40.0,0.682,5008.7,no,0.0
37,technician,single,professional.course,no,yes,no,cellular,aug,thu,19,12,999,0,nonexistent,1.4,93.444,-36.1,4.962,5228.1,no,0.0
30,technician,married,professional.course,no,no,no,telephone,may,wed,700,3,999,0,nonexistent,1.1,93.994,-36.4,4.858,5191.0,no,0.0
30,admin.,married,high.school,unknown,yes,no,cellular,aug,wed,299,2,999,0,nonexistent,1.4,93.444,-36.1,4.965,5228.1,no,0.0
44,blue-collar,married,basic.4y,no,yes,no,telephone,may,fri,151,2,999,0,nonexistent,1.1,93.994,-36.4,4.864,5191.0,no,0.0
31,technician,married,university.degree,no,unknown,unknown,cellular,aug,wed,88,2,999,0,nonexistent,1.4,93.444,-36.1,4.964,5228.1,no,0.0
39,admin.,married,basic.9y,unknown,no,no,cellular,jul,wed,131,1,999,0,nonexistent,1.4,93.918,-42.7,4.962,5228.1,no,0.0
35,technician,single,high.school,no,yes,yes,cellular,nov,wed,819,3,999,0,nonexistent,-0.1,93.2,-42.0,4.12,5195.8,yes,0.0
48,admin.,single,university.degree,no,yes,no,telephone,jun,fri,14,3,999,0,nonexistent,1.4,94.465,-41.8,4.959,5228.1,no,0.0
23,blue-collar,married,basic.9y,no,no,no,telephone,may,mon,633,1,999,0,nonexistent,1.1,93.994,-36.4,4.857,5191.0,no,0.0
37,admin.,single,university.degree,no,yes,yes,cellular,nov,wed,844,2,999,0,nonexistent,-0.1,93.2,-42.0,4.12,5195.8,no,0.0
56,services,married,high.school,unknown,yes,no,cellular,nov,fri,254,5,999,0,nonexistent,-0.1,93.2,-42.0,4.021,5195.8,no,0.0
53,blue-collar,married,basic.9y,no,yes,no,cellular,nov,wed,205,2,999,1,failure,-0.1,93.2,-42.0,4.12,5195.8,no,0.0
27,blue-collar,married,university.degree,no,no,no,telephone,jun,fri,10,19,999,0,nonexistent,1.4,94.465,-41.8,4.959,5228.1,no,0.0
43,blue-collar,divorced,basic.9y,unknown,yes,no,cellular,may,fri,59,4,999,0,nonexistent,-1.8,92.893,-46.2,1.25,5099.1,no,0.0
27,admin.,single,high.school,no,yes,no,telephone,jul,mon,167,4,999,0,nonexistent,1.4,93.918,-42.7,4.962,5228.1,no,0.0
59,services,married,high.school,no,no,no,telephone,may,mon,579,2,999,0,nonexistent,1.1,93.994,-36.4,4.857,5191.0,no,0.0
31,technician,married,professional.course,unknown,unknown,unknown,telephone,aug,thu,128,3,999,0,nonexistent,1.4,93.444,-36.1,4.964,5228.1,no,0.0
53,self-employed,married,basic.9y,no,yes,no,cellular,nov,mon,62,1,999,0,nonexistent,-0.1,93.2,-42.0,4.191,5195.8,no,0.0
40,blue-collar,married,basic.6y,unknown,no,no,cellular,may,fri,182,2,999,0,nonexistent,-1.8,92.893,-46.2,1.313,5099.1,no,0.0
36,admin.,divorced,university.degree,no,yes,no,telephone,may,wed,95,3,999,0,nonexistent,1.1,93.994,-36.4,4.857,5191.0,no,0.0
36,self-employed,single,university.degree,no,no,no,cellular,jul,wed,540,6,999,0,nonexistent,1.4,93.918,-42.7,4.963,5228.1,yes,0.0
38,management,single,basic.9y,unknown,yes,no,cellular,nov,thu,972,2,999,0,nonexistent,-0.1,93.2,-42.0,4.076,5195.8,no,0.0
35,admin.,married,university.degree,no,no,no,cellular,dec,tue,554,1,999,0,nonexistent,-3.0,92.713,-33.0,0.707,5023.5,no,0.0
36,admin.,single,university.degree,no,no,yes,cellular,may,wed,1119,2,999,0,nonexistent,-1.8,92.893,-46.2,1.281,5099.1,yes,0.0
31,services,single,high.school,no,yes,no,telephone,may,thu,543,12,999,0,nonexistent,1.1,93.994,-36.4,4.86,5191.0,no,0.0
44,admin.,married,university.degree,no,no,no,telephone,may,wed,322,2,999,0,nonexistent,1.1,93.994,-36.4,4.856,5191.0,no,0.0
25,services,single,high.school,no,no,no,cellular,oct,mon,251,1,999,1,failure,-1.1,94.601,-49.5,0.977,4963.6,no,0.0
31,admin.,single,university.degree,no,yes,no,cellular,jul,tue,89,2,999,0,nonexistent,1.4,93.918,-42.7,4.961,5228.1,no,0.0
36,unemployed,single,university.degree,no,no,no,cellular,aug,fri,415,1,999,0,nonexistent,-2.9,92.201,-31.4,0.869,5076.2,no,0.0
26,blue-collar,single,basic.9y,no,yes,no,cellular,jul,tue,36,2,999,0,nonexistent,1.4,93.918,-42.7,4.961,5228.1,no,0.0
31,blue-collar,single,basic.9y,no,no,no,telephone,may,mon,496,3,999,0,nonexistent,1.1,93.994,-36.4,4.858,5191.0,no,0.0
55,retired,single,university.degree,unknown,no,no,cellular,nov,fri,1199,3,999,0,nonexistent,-0.1,93.2,-42.0,4.021,5195.8,no,0.0
34,technician,divorced,unknown,no,yes,no,telephone,jul,thu,251,3,999,0,nonexistent,1.4,93.918,-42.7,4.968,5228.1,no,0.0
38,admin.,married,university.degree,no,yes,no,telephone,jun,tue,43,9,999,0,nonexistent,1.4,94.465,-41.8,4.961,5228.1,no,0.0
28,technician,single,high.school,no,unknown,unknown,cellular,oct,wed,84,1,6,1,success,-3.4,92.431,-26.9,0.742,5017.5,yes,0.0
47,blue-collar,married,basic.9y,no,yes,no,telephone,jun,fri,185,3,999,0,nonexistent,1.4,94.465,-41.8,4.947,5228.1,no,0.0
39,admin.,married,high.school,no,yes,no,telephone,apr,tue,189,1,999,0,nonexistent,-1.8,93.075,-47.1,1.453,5099.1,no,0.0
49,admin.,married,university.degree,unknown,no,no,telephone,may,tue,72,5,999,0,nonexistent,1.1,93.994,-36.4,4.856,5191.0,no,0.0
41,services,single,unknown,unknown,no,no,cellular,jul,tue,717,13,999,0,nonexistent,1.4,93.918,-42.7,4.961,5228.1,no,0.0
48,admin.,married,basic.9y,no,yes,no,cellular,aug,tue,1181,2,999,0,nonexistent,1.4,93.444,-36.1,4.966,5228.1,yes,0.0
32,admin.,single,university.degree,no,yes,no,cellular,jun,fri,58,2,999,0,nonexistent,-2.9,92.963,-40.8,1.268,5076.2,no,0.0
39,blue-collar,married,basic.9y,no,yes,no,cellular,nov,wed,158,1,999,0,nonexistent,-0.1,93.2,-42.0,4.12,5195.8,no,0.0
47,unemployed,married,high.school,no,yes,no,cellular,nov,tue,65,1,999,1,failure,-0.1,93.2,-42.0,4.153,5195.8,no,0.0
57,retired,married,unknown,unknown,yes,no,telephone,may,fri,529,4,999,0,nonexistent,1.1,93.994,-36.4,4.859,5191.0,no,0.0
47,admin.,married,basic.9y,no,yes,no,cellular,aug,fri,109,1,999,0,nonexistent,1.4,93.444,-36.1,4.966,5228.1,no,0.0
49,services,married,high.school,unknown,yes,no,telephone,may,thu,166,1,999,0,nonexistent,1.1,93.994,-36.4,4.86,5191.0,no,0.0
48,admin.,married,high.school,no,yes,no,cellular,aug,wed,110,2,999,0,nonexistent,1.4,93.444,-36.1,4.965,5228.1,no,0.0
41,entrepreneur,divorced,unknown,no,no,no,telephone,may,fri,64,1,999,0,nonexistent,-1.8,92.893,-46.2,1.25,5099.1,no,0.0
50,services,divorced,high.school,no,no,no,telephone,jun,tue,291,2,999,0,nonexistent,1.4,94.465,-41.8,4.961,5228.1,no,0.0
61,admin.,married,university.degree,no,yes,no,cellular,jun,wed,151,1,999,0,nonexistent,-2.9,92.963,-40.8,1.26,5076.2,no,0.0
41,technician,married,university.degree,no,yes,no,cellular,aug,mon,227,1,999,0,nonexistent,1.4,93.444,-36.1,4.97,5228.1,no,0.0
32,admin.,single,high.school,no,no,no,cellular,jul,thu,85,1,999,0,nonexistent,1.4,93.918,-42.7,4.963,5228.1,no,0.0
32,admin.,single,university.degree,no,yes,yes,cellular,aug,thu,140,2,999,0,nonexistent,1.4,93.444,-36.1,4.968,5228.1,no,0.0
38,admin.,married,university.degree,no,yes,no,cellular,nov,wed,223,2,999,0,nonexistent,-0.1,93.2,-42.0,4.12,5195.8,no,0.0
47,admin.,married,university.degree,no,no,no,cellular,aug,wed,63,3,999,0,nonexistent,1.4,93.444,-36.1,4.964,5228.1,no,0.0
57,blue-collar,married,unknown,unknown,yes,no,cellular,aug,wed,376,2,999,0,nonexistent,1.4,93.444,-36.1,4.967,5228.1,no,0.0
37,unemployed,married,professional.course,no,yes,no,cellular,nov,thu,318,2,999,0,nonexistent,-0.1,93.2,-42.0,4.076,5195.8,no,0.0
46,technician,married,professional.course,no,yes,no,telephone,may,tue,34,4,999,0,nonexistent,-1.8,92.893,-46.2,1.291,5099.1,no,0.0
38,admin.,married,university.degree,no,yes,no,cellular,oct,wed,576,1,6,1,success,-3.4,92.431,-26.9,0.735,5017.5,yes,0.0
30,blue-collar,married,basic.9y,no,yes,no,telephone,jun,thu,52,1,999,0,nonexistent,1.4,94.465,-41.8,4.866,5228.1,no,0.0
52,services,married,high.school,no,yes,no,cellular,may,fri,207,1,999,0,nonexistent,-1.8,92.893,-46.2,1.313,5099.1,no,0.0
30,admin.,single,university.degree,no,yes,yes,cellular,aug,mon,71,2,999,0,nonexistent,1.4,93.444,-36.1,4.965,5228.1,no,0.0
71,retired,married,basic.9y,no,no,no,cellular,oct,wed,237,1,999,0,nonexistent,-3.4,92.431,-26.9,0.742,5017.5,no,0.0
28,student,single,university.degree,no,no,yes,cellular,may,thu,647,4,999,0,nonexistent,-1.8,92.893,-46.2,1.266,5099.1,yes,0.0
45,services,divorced,unknown,no,yes,no,telephone,may,tue,1063,5,999,0,nonexistent,1.1,93.994,-36.4,4.857,5191.0,yes,0.0
36,housemaid,divorced,basic.9y,unknown,yes,no,cellular,nov,wed,107,1,999,0,nonexistent,-0.1,93.2,-42.0,4.12,5195.8,no,0.0
26,blue-collar,married,university.degree,no,no,no,telephone,jul,wed,63,4,999,0,nonexistent,1.4,93.918,-42.7,4.956,5228.1,no,0.0
39,housemaid,divorced,high.school,no,no,no,cellular,nov,wed,214,3,999,0,nonexistent,-0.1,93.2,-42.0,4.12,5195.8,no,0.0
36,housemaid,single,university.degree,no,unknown,unknown,cellular,aug,fri,119,2,3,1,success,-2.9,92.201,-31.4,0.825,5076.2,no,0.0
35,admin.,married,university.degree,no,yes,yes,telephone,may,mon,66,9,999,0,nonexistent,1.1,93.994,-36.4,4.858,5191.0,no,0.0
54,entrepreneur,divorced,high.school,unknown,no,yes,cellular,jul,tue,268,6,999,0,nonexistent,1.4,93.918,-42.7,4.961,5228.1,no,0.0
34,technician,married,professional.course,no,yes,yes,telephone,may,fri,224,3,999,0,nonexistent,1.1,93.994,-36.4,4.855,5191.0,no,0.0
27,admin.,married,professional.course,no,no,no,cellular,may,thu,584,1,999,0,nonexistent,-1.8,92.893,-46.2,1.266,5099.1,no,0.0
42,blue-collar,married,basic.9y,no,yes,no,telephone,jun,mon,88,1,999,0,nonexistent,1.4,94.465,-41.8,4.96,5228.1,no,0.0
39,blue-collar,divorced,basic.6y,unknown,no,no,telephone,may,fri,827,2,999,0,nonexistent,1.1,93.994,-36.4,4.859,5191.0,no,0.0
38,blue-collar,married,basic.9y,unknown,no,no,telephone,jun,fri,1478,5,999,0,nonexistent,1.4,94.465,-41.8,4.959,5228.1,no,0.0
41,entrepreneur,divorced,basic.9y,no,yes,yes,cellular,jul,thu,115,1,999,0,nonexistent,1.4,93.918,-42.7,4.958,5228.1,no,0.0
41,services,single,high.school,unknown,unknown,unknown,cellular,may,mon,772,2,999,1,failure,-1.8,92.893,-46.2,1.299,5099.1,no,0.0
50,blue-collar,married,basic.9y,no,yes,yes,cellular,aug,mon,68,3,999,0,nonexistent,1.4,93.444,-36.1,4.963,5228.1,no,0.0
31,technician,married,university.degree,no,no,no,cellular,nov,wed,298,1,999,1,failure,-0.1,93.2,-42.0,4.12,5195.8,no,0.0
44,services,married,basic.4y,unknown,yes,no,telephone,may,mon,160,4,999,0,nonexistent,1.1,93.994,-36.4,4.857,5191.0,no,0.0
34,services,divorced,high.school,no,no,no,telephone,jul,thu,212,4,999,0,nonexistent,1.4,93.918,-42.7,4.962,5228.1,no,0.0
31,blue-collar,single,basic.9y,no,no,no,telephone,oct,tue,114,1,999,0,nonexistent,-1.1,94.601,-49.5,0.982,4963.6,no,0.0
38,technician,married,basic.6y,unknown,no,no,telephone,may,fri,785,1,999,0,nonexistent,1.1,93.994,-36.4,4.857,5191.0,yes,0.0
46,management,married,university.degree,no,yes,yes,cellular,may,thu,84,3,999,1,failure,-1.8,92.893,-46.2,1.327,5099.1,no,0.0
36,admin.,divorced,university.degree,unknown,yes,yes,cellular,aug,wed,283,1,999,0,nonexistent,1.4,93.444,-36.1,4.965,5228.1,no,0.0
42,admin.,single,high.school,no,yes,no,cellular,aug,wed,138,1,999,0,nonexistent,1.4,93.444,-36.1,4.964,5228.1,no,0.0
45,admin.,married,basic.9y,no,yes,no,telephone,may,thu,1611,2,999,0,nonexistent,1.1,93.994,-36.4,4.86,5191.0,no,0.0
27,technician,single,professional.course,no,no,no,cellular,jun,tue,136,2,999,0,nonexistent,-1.7,94.055,-39.8,0.737,4991.6,no,0.0
37,entrepreneur,married,basic.9y,unknown,yes,no,cellular,jul,fri,658,2,999,0,nonexistent,1.4,93.918,-42.7,4.957,5228.1,yes,0.0
50,management,married,university.degree,unknown,unknown,unknown,cellular,jul,thu,367,2,999,0,nonexistent,1.4,93.918,-42.7,4.962,5228.1,no,0.0
32,management,single,university.degree,no,yes,yes,cellular,mar,tue,97,1,999,0,nonexistent,-1.8,92.843,-50.0,1.687,5099.1,no,0.0
30,unemployed,married,high.school,no,yes,no,cellular,may,mon,214,3,3,1,success,-1.8,92.893,-46.2,1.354,5099.1,yes,0.0
30,technician,single,professional.course,no,yes,no,cellular,aug,fri,445,1,999,0,nonexistent,1.4,93.444,-36.1,4.966,5228.1,no,0.0
25,student,single,professional.course,no,yes,no,cellular,may,wed,483,2,999,0,nonexistent,-1.8,92.893,-46.2,1.27,5099.1,no,0.0
49,blue-collar,married,basic.9y,no,yes,no,cellular,may,thu,105,1,999,1,failure,-1.8,92.893,-46.2,1.327,5099.1,no,0.0
48,services,married,high.school,no,no,no,cellular,may,thu,388,2,999,0,nonexistent,-1.8,92.893,-46.2,1.327,5099.1,no,0.0
35,admin.,single,university.degree,no,no,no,cellular,jul,fri,14,1,999,0,nonexistent,1.4,93.918,-42.7,4.957,5228.1,no,0.0
40,blue-collar,married,basic.4y,unknown,yes,yes,cellular,nov,thu,74,1,999,0,nonexistent,-0.1,93.2,-42.0,4.076,5195.8,no,0.0
40,technician,married,professional.course,no,yes,no,cellular,aug,tue,115,1,999,0,nonexistent,1.4,93.444,-36.1,4.968,5228.1,no,0.0
59,technician,married,unknown,no,no,no,telephone,jun,tue,131,4,999,0,nonexistent,1.4,94.465,-41.8,4.864,5228.1,no,0.0
27,services,single,university.degree,no,yes,no,cellular,mar,fri,229,3,999,1,failure,-1.8,93.369,-34.8,0.649,5008.7,yes,0.0
30,management,married,university.degree,no,no,no,cellular,nov,wed,72,5,999,0,nonexistent,-0.1,93.2,-42.0,4.12,5195.8,no,0.0
34,admin.,single,university.degree,no,no,no,cellular,nov,fri,139,6,999,1,failure,-0.1,93.2,-42.0,4.021,5195.8,no,0.0
27,technician,single,professional.course,no,no,no,cellular,may,tue,267,1,999,0,nonexistent,-1.8,92.893,-46.2,1.291,5099.1,no,0.0
41,admin.,married,basic.9y,no,yes,no,telephone,may,tue,241,3,999,0,nonexistent,1.1,93.994,-36.4,4.857,5191.0,no,0.0
27,admin.,single,university.degree,no,yes,no,cellular,may,fri,120,1,999,0,nonexistent,-1.8,92.893,-46.2,1.259,5099.1,no,0.0
41,technician,married,professional.course,no,yes,no,cellular,aug,tue,1344,1,999,0,nonexistent,1.4,93.444,-36.1,4.966,5228.1,yes,0.0
40,technician,married,professional.course,no,yes,no,telephone,may,wed,327,3,999,0,nonexistent,1.1,93.994,-36.4,4.856,5191.0,no,0.0
58,entrepreneur,married,basic.4y,no,no,yes,cellular,nov,tue,164,2,999,1,failure,-0.1,93.2,-42.0,4.153,5195.8,no,0.0
35,blue-collar,married,basic.6y,no,yes,no,cellular,may,fri,265,1,999,0,nonexistent,-1.8,92.893,-46.2,1.25,5099.1,no,0.0
31,admin.,married,high.school,no,no,no,telephone,may,thu,55,1,999,0,nonexistent,1.1,93.994,-36.4,4.86,5191.0,no,0.0
48,services,married,basic.9y,no,yes,no,cellular,jul,wed,178,1,999,0,nonexistent,1.4,93.918,-42.7,4.963,5228.1,no,0.0
45,technician,married,university.degree,no,no,no,telephone,aug,thu,430,3,999,0,nonexistent,1.4,93.444,-36.1,4.968,5228.1,no,0.0
37,entrepreneur,divorced,high.school,unknown,no,no,cellular,jul,wed,344,3,999,0,nonexistent,1.4,93.918,-42.7,4.957,5228.1,no,0.0
30,student,single,unknown,no,yes,no,cellular,apr,wed,176,1,999,0,nonexistent,-1.8,93.075,-47.1,1.405,5099.1,no,0.0
48,admin.,married,university.degree,no,yes,no,cellular,dec,mon,347,4,6,2,success,-3.0,92.713,-33.0,0.717,5023.5,no,0.0
29,self-employed,single,professional.course,no,no,no,telephone,jun,tue,199,7,999,0,nonexistent,1.4,94.465,-41.8,4.864,5228.1,no,0.0
39,technician,married,professional.course,no,no,no,cellular,apr,thu,208,3,999,1,failure,-1.8,93.749,-34.6,0.64,5008.7,no,0.0
32,entrepreneur,married,university.degree,no,yes,no,cellular,aug,fri,19,9,999,0,nonexistent,1.4,93.444,-36.1,4.963,5228.1,no,0.0
33,admin.,single,university.degree,no,no,no,cellular,aug,fri,69,14,999,0,nonexistent,1.4,93.444,-36.1,4.963,5228.1,no,0.0
31,services,divorced,high.school,no,yes,no,cellular,nov,mon,266,2,999,0,nonexistent,-0.1,93.2,-42.0,4.191,5195.8,no,0.0
45,admin.,married,high.school,no,yes,no,cellular,aug,thu,41,1,999,0,nonexistent,1.4,93.444,-36.1,4.964,5228.1,no,0.0
49,entrepreneur,married,university.degree,no,yes,no,cellular,apr,mon,48,1,999,1,failure,-1.8,93.075,-47.1,1.405,5099.1,no,0.0
31,blue-collar,married,university.degree,no,yes,no,cellular,may,fri,1286,1,999,0,nonexistent,-1.8,92.893,-46.2,1.25,5099.1,no,0.0
26,admin.,single,university.degree,no,yes,yes,cellular,may,mon,9,7,999,1,failure,-1.8,92.893,-46.2,1.299,5099.1,no,0.0
30,blue-collar,single,university.degree,no,no,no,telephone,may,fri,245,4,999,0,nonexistent,1.1,93.994,-36.4,4.857,5191.0,no,0.0
33,management,married,university.degree,no,no,yes,telephone,may,fri,70,1,999,0,nonexistent,1.1,93.994,-36.4,4.855,5191.0,no,0.0
